topic_id,title,explanation
0,"Environmental Impact, Glaciers, Wind","This topic covers environmental impact assessments focusing on ecological concerns related to glaciers, wind parks, wetlands, water resources, and territorial impacts on local ecosystems."
1,Hydroelectric & Indigenous Rights,This topic addresses conflicts around hydroelectric power plants in megaprojects as well as colliding with indigenous community rights. Key cases include the Maipo river projects and Mapuche territorial claims against energy companies.
2,Environmental Court Proceedings,"This topic relates to judicial proceedings and ministerial committee decisions on environmental matters. It prominently features the thermoelectric, livestock, and mining project controversy."
3,Coal and Descarbonization,This topic encompasses Chile's energy transition policies and coal phase-out plans. It discusses the transformation of the electrical system and corporate involvement in decarbonization efforts.
4,Light Pollution & Astronomy,"This topic focuses on environmental impacts on local communities, highlighting light pollution concerns affecting astronomical observatories and scientific communities in Chile."
5,Industrial Pollution and Sacrified Zone,"This topic addresses industrial contamination and public health crises in sacrifice zones. It centers on the Quintero-Puchuncavi and Coronel areas, examining air quality issues and community health impacts."
6,Green Hydrogen Development,This topic covers Chile's emerging green hydrogen industry and investment initiatives. It focuses on the Magallanes region's development as a hub for hydrogen production and export.
7,Environmental Impact Assessment,"This topic relates to environmental evaluation processes and regulatory enforcement by Chile's Superintendency of the Environment . It covers compliance monitoring, sanctions, and impact assessment procedures."
8,Government and Environmental Legislation,"This topic encompasses governmental policies, legislative processes, and public sector involvement in energy matters. It includes discussions of contracts, commissions, and regulatory frameworks."
9,General Word & Concepts,This topic groups together general words and concepts related to the news analyzed.
10,Lithium Mining,"This topic focuses on lithium extraction from the Atacama salt flats and associated conflicts. It covers operations by SQM, community relations, and debates over resource exploitation and the creation of a new company with participation of Codelco."
11,Copper Mining & Water,"This topic addresses copper mining operations and their impact on water resources. It highlights conflicts around mines like Los Pelambres, water rights disputes, and community concerns in mining regions like Calama."
